68,538,78,559,509,496,291,385,647,395,400,464,404,240,129,144,440,325,608,321,561,254,432,1495,1296,1162,1121,1152,1195,1297,1389,1472
2028,1856,1723,1546,1321,1107,949,928,964,1111,1283,1502,1839,2000,2021,1945,1837,1672,1469,1276,1127,1127,1201,1342,1603,2035,2265,2288,2148,1984,1824,1666
1552,1744,1904,1967,1967,1905,1805,1731,1639,1573,1489,1439,1471,1452,1471,1520,1571,1680,1875,2013,2038,2000,1907,1782,1680,1520,1283,1027,839,787,849,976
1744,1813,1730,1687,1518,1282,1036,967,965,1110,1243,1431,1712,1931,1984,1920,1816,1712,1611,1443,1295,1236,1275,1343,1433,1568,1744,1890,1950,1924,1840,1762
1456,1403,1372,1381,1392,1471,1520,1680,1856,1953,1972,1904,1815,1731,1643,1488,1264,1009,883,894,991,1183,1345,1636,1865,1941,1861,1795,1668,1569,1387,1259
1691,2158,2320,2261,2131,1984,1811,1696,1611,1552,1545,1551,1663,1744,2199,2458,2422,2253,2003,1839,1584,1361,1262,1152,1040,908,847,869,981,1163,1378,1641
1662,1550,1339,990,667,591,655,773,922,1102,1317,1499,1668,1726,1679,1666,1584,1478,1369,1274,1249,1267,1361,1498,1852,2192,2294,2205,2098,1904,1793,1626
1450,1504,1685,1830,1927,1901,1809,1719,1607,1503,1389,1325,1365,1381,1397,1503,1654,1831,1932,1905,1825,1702,1586,1274,981,896,985,1186,1456,1771,1973,1936
1477,1447,1485,1483,1580,1845,2132,2192,2096,1966,1851,1676,1450,1296,1216,1205,1296,1344,1459,1627,1712,1770,1749,1683,1653,1527,1381,1257,1135,1068,1099,1146
1423,1499,1592,1666,1690,1715,1693,1662,1605,1557,1413,1127,936,903,958,1099,1282,1550,1822,1931,1904,1883,1747,1693,1557,1438,1338,1330,1360,1425,1603,1950
1867,1751,1594,1451,1352,1369,1409,1498,1651,1782,1831,1563,1462,2016,1105,1657,1351,1494,1742,1174,1734,1469,1467,1916,869,1824,1456,1859,1664,1605,1866,1535
1610,1639,876,1663,1075,2110,1432,1898,1573,1439,1893,1282,1520,1654,1161,2000,1462,1710,1351,1342,1586,796,1665,1554,1716,1840,1472,1774,1840,1031,1984,544
1807,1289,1678,1545,1282,1343,1398,1841,1769,1314,1889,1200,2109,1411,1687,1659,1483,2051,1006,1390,1556,914,1874,1278,1854,1579,1363,1915,1010,1509,1655,1429
1932,1567,1843,1415,1322,1786,729,1321,1707,1584,1944,1618,1531,1613,1581,1485,1600,1599,1503,1828,1611,1480,1478,1263,1490,1442,1518,1677,1463,1599,1631,1728
1680,1614,1765,1616,1342,1488,1447,1437,1345,1559,1641,1674,1594,1571,1584,1589,1543,1546,1773,1783,1618,1495,1355,1428,1291,1423,1552,1681,1740,1625,1613,1597
1558,1525,1675,1631,1746,1651,1387,1510,1243,1297,1395,1744,1543,1702,1684,1413,1633,1488,1395,1728,1667,1686,1648,1583,1552,1234,1989,853,1371,1695,1617,1888
1548,1104,1984,1109,2158,1676,1675,1606,1552,972,1519,1125,2058,1399,2011,1405,1989,1533,1149,1722,1329,2112,1589,1858,1269,1386,1680,709,1741,1201,2240,1623
1604,1734,1325,1652,1456,1296,1897,1590,1747,1674,1904,1737,909,1574,1584,1119,1601,1779,1737,1626,1618,1567,1571,1849,1175,1329,1669,1642,1456,1373,1568,1521
1855,1490,1207,1734,1701,1629,1636,1607,1650,1694,1681,1111,1423,1532,1499,1566,1683,1594,1472,1488,1296,1385,1616,1904,1724,1694,1514,1427,1546,1050,1111,1559
2422,1669,1317,1711,1443,1494,1590,1073,1778,1929,1758,1617,1574,1150,1782,1238,1091,1744,1683,1564,1930,1613,1562,1788,1615,1097,1974,1561,1557,1677,1343,1249
1664,1535,1156,1781,1923,1451,1915,1552,1444,1896,1375,1301,1727,1328,1745,1570,1232,1801,1600,1088,1676,1630,1515,1934,1553,1511,1840,1379,1377,1739,1238,1925
1275,1402,1751,1462,1223,1795,1520,1777,1707,1366,2004,1610,1216,1794,1328,1744,1626,1168,1638,1586,1072,1685,1543,1498,1882,1519,1586,1839,1535,1447,1744,1296
1838,1259,1419,1558,1409,1335,1823,1590,2266,1326,1440,1630,1507,1642,1441,1587,1627,1566,1392,1338,1498,1505,1529,1525,1755,1736,1633,1627,1547,1554,1622,1553
1527,1552,1636,1191,1494,1572,1477,1581,1612,1616,1601,1621,1607,1556,1849,1584,1488,1405,1520,1473,1307,1531,1565,1625,1631,1582,1600,1614,1590,1563,1686,1669
1670,1543,1355,1551,1245,1472,1579,1559,1711,1611,1580,1642,1609,1530,1682,1648,1730,1594,1455,1488,1415,1308,1501,1559,1599,1605,1562,1475,1744,1503,2037,1366
2061,1319,1606,1665,1139,1952,976,1706,985,2071,1411,1968,1477,2409,1459,1227,1512,1601,1690,1475,1718,1279,1030,1818,1104,1749,1309,1781,1495,1197,2064,1088
2315,990,1958,1039,1795,1379,1601,1441,1394,1173,2023,1216,1723,1333,1814,1522,1804,1595,1697,1810,1306,1696,976,1747,1232,1719,1616,1574,1391,1937,1065,1666
1326,1821,1659,1868,1630,1520,1841,1041,1639,863,2039,1506,1965,1607,1551,1467,1865,891,1856,1378,2146,1621,1531,1550,1315,1405,1569,1199,1387,1861,1686,1690
1616,1633,1392,1876,1650,1205,1615,1681,1566,1383,1397,1437,1535,1799,1124,1558,1783,1648,1615,1662,1808,1136,1937,912,1340,2106,1282,1332,1670,1453,1645,1744
1409,1205,1766,1691,1713,1763,1733,1534,1547,1323,1008,1467,1575,1719,1723,1655,1296,1946,1259,1237,1754,1693,2026,1744,1534,1360,1894,958,1011,1521,1687,1805
1775,1743,1599,1554,1564,889,1889,1648,1588,1907,1549,1280,1504,1456,1228,1735,1663,1579,1828,1575,1551,1615,1395,1370,1827,1599,1614,1646,1300,1363,1631,1040
1819,1652,1455,1993,1395,1477,1563,1707,1142,1825,1375,2129,1582,1456,2022,1599,815,1777,1490,1565,1837,1483,1716,1681,1136,1907,1569,1427,1867,1209,1872,794
1415,1305,1712,1471,2078,1415,1587,1738,1197,1520,1750,1374,1922,1324,1450,1573,1034,1344,1826,1582,1772,1818,1606,1578,1487,1535,1658,1587,1712,1568,1318,1475
1318,1446,1503,1461,1778,1793,1614,1585,1547,1514,1559,1650,1632,1602,1568,1502,1264,1391,1477,1515,1649,1637,1719,1603,1573,1594,1598,1683,1680,1586,1441,1469
1488,1286,1470,1564,1615,1655,1579,1642,1602,1614,1600,1564,1758,1650,1554,1438,1456,1392,1294,1531,1469,1646,1569,1493,1770,1441,1456,1966,1629,1904,1552,1482
2018,1891,1735,1584,1147,1776,1615,1580,1381,1760,1482,1535,1691,1622,1712,1680,1562,1401,1390,1466,1298,1530,1597,1127,1594,1791,2067,1404,928,1799,1652,2341
1171,1283,2281,949,1111,1712,1568,2241,1411,1837,1297,2172,1381,1951,1808,1205,2096,706,1834,758,2039,960,1250,1769,1200,2081,1164,2155,1120,2239,1438,1373
1777,1520,2131,1232,1459,1115,1740,1586,1170,2194,1109,2270,1728,1643,1598,1200,2025,1447,1350,1527,1254,1840,1082,1666,1487,1331,1769,768,2082,1205,2222,1868
1920,1605,1564,2268,1162,1141,1632,974,2495,1315,1291,1637,1199,2021,1066,1810,1667,1399,2003,1514,1549,1373,1250,1681,895,1638,1659,1522,1931,1414,1630,1661
1373,1841,1670,1281,1717,1490,1495,1545,1233,1501,1486,1409,1937,897,1675,1808,1550,1615,2064,1826,1646,1590,928,1708,1334,1431,1648,1440,1849,1648,1456,1840
1694,1639,1409,2007,1706,1662,1374,1175,1802,638,1753,1429,1904,1745,1488,1790,1008,2102,1167,1479,1723,1418,1936,1318,1833,957,1955,951,1261,1902,1175,2063
1258,1616,1302,2605,1933,1086,1603,1365,1807,1545,1296,1744,1307,1886,2148,1693,998,1600,1472,1488,1550,1679,1666,1235,1813,930,1914,1143,1738,1230,1968,1332
1565,1713,1264,1922,1391,1644,1752,1527,1219,1782,821,1584,1763,1476,1451,1492,1866,1936,943,2183,2300,2176,1716,801,1792,1162,1584,1531,1300,1699,1114,1869
1200,1744,1583,1581,1751,1219,1934,1490,2077,1584,1494,1648,1074,1379,1142,1729,1603,1834,1456,1417,1430,1499,1776,1872,1643,1617,1597,1497,1712,1461,1278,1420
1329,1664,1739,1717,1632,1473,1360,1531,1890,1750,1673,1532,1197,1475,1392,1462,1606,1585,1569,1469,2242,1488,1306,1680,1405,1674,1715,1642,1581,1383,1455,1301
1392,1582,1628,1703,1584,1597,1599,1570,1517,1590,1767,1617,1584,1527,1488,1418,1349,1468,1573,1703,1584,1600,1617,1520,1552,1554,1645,1730,1723,1607,1402,1365
1375,1264,1513,1629,1535,1771,1681,1504,1559,1517,1502,1586,2085,1694,1225,1549,1645,1617,1188,1466,1545,1311,1458,1568,1461,1797,1920,2011,1959,1323,1366,1476
1461,1360,1359,1584,1527,1552,1587,1561,1565,1552,1557,1557,1600,1901,1568,1416,1520,1570,1571,1494,1493,1722,1542,1306,1584,1535,2327,1556,1030,1975,1787,1300
1488,1559,1455,1406,1281,1681,1797,1377,1631,1639,1505,1558,1607,1681,1585,1706,1600,1378,1486,1446,1296,1498,1489,1638,1664,1521,1574,1602,1591,1535,1616,1840
1622,1530,1325,1565,1494,1149,1547,1585,1616,1590,1555,1615,1718,1675,1360,1511,1840,1584,1378,1526,1601,1312,1478,1615,1498,1526,1840,1906,1753,1238,1531,1456
1552,1678,1456,1351,1552,2096,1202,2303,1104,1655,1775,1635,1360,1631,1395,1584,1699,1416,1550,894,1873,1155,2074,805,1562,1383,1778,1950,2047,1638,1466,1499
2640,2018,1233,1429,1511,1444,1430,1168,1631,1040,1518,1584,2671,2183,1242,1446,1590,1585,1387,1731,1721,1296,1491,1402,1255,1521,1471,1416,2016,1665,1555,1427
1683,1642,1559,1582,1566,1851,1686,1228,1709,1523,1327,1549,1598,1509,1585,1639,1527,1863,944,1913,1523,1651,1615,1339,1418,1386,1382,1468,1543,1602,1519,1483
1424,2211,1568,1589,1803,1579,1661,1715,1535,1269,1310,1515,1447,1609,1662,1599,1585,1577,1555,1535,1585,1631,1643,1616,1358,1547,1293,1297,1495,1583,1817,1507
1645,1527,1413,1495,1586,1831,1646,2335,1583,1003,1315,1578,1232,1466,1757,2226,944,2118,1407,1707,1459,1680,1717,1642,1616,1402,1360,1363,1399,1395,1475,1771
1641,1563,1840,1175,1488,1578,1484,1801,2096,2087,909,1136,1294,1207,1360,2032,1683,1664,1456,1557,1808,1472,1680,1984,1897,1345,1287,1431,1382,1344,1408,1547
1722,1691,1600,1567,1550,1448,1475,1678,1757,1697,1643,1589,1254,1424,1298,1462,1719,1582,1515,1533,1502,1780,1805,1628,1441,1579,1614,1403,1711,1510,1214,1280
1394,1606,1725,1655,1282,2027,1514,1548,1759,1767,1792,1600,1530,1469,1787,627,1887,1165,1567,1698,1559,1607,1587,1340,1744,1111,1363,1761,1322,1495,1469,1970
1515,1392,1783,1599,1734,1141,1429,1522,1939,1872,1790,1617,1522,1261,1433,1562,1616,1433,1378,1491,1506,1637,1616,1535,1563,1535,1547,1684,1763,1587,1213,1468
1565,1520,1301,1586,1645,1887,1616,1445,1527,1585,1552,1591,1792,1644,1573,1472,1322,1621,1284,1402,1501,1456,1659,1627,1404,1535,1994,1680,1529,1577,1652,1697
1630,1297,1341,1227,1495,1650,1840,1247,1463,1935,1266,1799,1636,1850,1763,1435,971,1466,1535,1310,2306,1313,1198,1747,1968,1187,1378,1741,1754,1826,1632,1648
1358,1319,1417,1377,1455,1552,1640,1571,1652,1607,1461,1521,1571,1561,1603,1827,1623,1565,1469,1400,1386,1258,1400,1393,2155,1671,1591,1325,1600,1630,1856,1712
1429,1562,1442,1447,1298,1223,1525,1552,1073,2279,1917,1562,1483,1935,1520,1648,1867,1131,1405,1473,1424,1840,1232,1689,1778,1743,1392,1219,2112,1598,1415,1510
1543,1690,1679,1439,1377,1679,1494,1251,1512,1487,1550,1745,1467,1665,1847,1616,1680,1648,1600,1718,1175,1295,1584,911,1354,1255,1983,1744,1600,1712,2017,1682
2408,2304,2082,1261,1712,627,1824,1250,1394,1339,1872,1783,1903,1227,1196,1940,1219,1779,1443,2277,1567,1122,1639,1249,1982,1139,2186,1072,1935,1582,978,1809
1344,1527,1729,1502,1959,1931,1654,907,1776,869,1373,1729,1457,1922,1264,2242,1163,1509,1794,1457,1924,1714,1905,683,1906,1069,1178,1805,1049,2180,1451,1767
2373,2226,1969,815,1346,1607,1803,1713,1265,1552,912,1984,1161,1431,1729,1409,2093,1213,1766,1376,1975,1616,1206,2079,1061,1813,1482,1349,1467,1486,2169,1487
1385,2042,1003,2069,1501,1611,1681,1270,1988,1051,1325,1607,1057,1938,1264,2190,1449,1246,2101,1442,1329,1825,1110,2110,1201,1647,1525,1949,1635,1435,899,1847
1606,1678,1579,1634,1599,1546,1406,1936,1603,1507,1692,1150,1452,1413,1284,1651,1323,1680,1733,1579,1854,1571,1535,1975,1648,1363,1502,1410,1478,1441,1399,1618
1526,1287,1531,1282,1579,1615,1189,2096,2143,2064,1782,1620,1405,1517,1223,1209,1352,1482,1559,1743,1776,1726,1726,1296,1552,1664,1631,1575,1502,1386,1547,1360
1392,1530,1531,1682,1583,1578,1786,2202,1520,1130,1741,1554,1668,1443,1374,1424,1185,1479,1504,1706,1475,1419,1472,1370,2097,1731,2263,2079,1679,1242,1433,1205
1502,1645,1821,1765,1606,1574,1472,1691,1546,1455,1597,1721,1695,1601,1393,1471,1409,1241,1502,1499,1521,2064,1648,1584,1686,1738,1339,1394,1691,1804,1583,1397
1511,1468,1495,1446,1334,1493,1578,1595,1675,1585,1595,1755,1660,1632,1641,1630,1583,1382,1318,1363,1970,1360,944,1712,1457,1840,1762,1435,1833,1715,1698,1690
1380,1314,1423,1259,1474,1338,2181,1245,1488,1601,1456,1744,1559,2207,1426,1389,1968,829,1535,945,1446,1374,1801,2227,961,2096,1724,2204,1459,1043,1845,977
1913,1609,1392,1939,1162,1358,1809,783,1818,1628,1347,1920,1323,1843,1488,1391,2004,893,1728,1687,1196,1728,1654,1392,1645,1699,1101,1971,1263,1831,1757,1747
1426,1287,2042,955,1520,1734,1109,1968,1495,1524,1542,1808,1296,1330,1777,1395,2096,1645,1616,1558,1403,1622,879,1648,1482,1584,1993,1308,1595,1424,1727,925
1641,1770,1467,2129,1424,1722,1552,1282,1236,1222,1840,1500,2191,1473,1371,1925,1263,2047,1311,1662,2096,941,1584,1296,1503,1533,1227,1840,1102,1904,1595,1311
1728,1293,2136,1595,2019,1223,1373,1424,1481,1283,1712,1313,2123,1138,1706,1758,1266,1984,1232,1953,1631,1515,1686,1249,1404,1363,1502,2073,1370,1630,1445,1747
1530,1545,1584,1732,1251,2067,1209,1775,723,1807,990,1438,1894,1424,1932,1247,2075,1267,1626,1616,1360,1751,1893,1959,1858,990,1295,1337,1650,1552,1348,1763
1743,1424,1535,1683,1502,1568,1598,1463,1509,1453,1459,1518,1831,1337,1405,1563,1573,1571,1562,1605,1408,1701,2029,1776,1518,1295,1875,1455,1060,1761,975,1958
1310,1488,1808,1407,1694,1600,1617,1717,1546,1306,1479,1633,1483,1104,1520,1349,1763,1802,1919,1698,1606,1602,1611,1435,1744,1562,1293,1520,1712,1218,1363,1493
1420,1851,1484,2058,1665,1503,1568,1328,1913,1696,1716,1279,1406,1238,1297,1398,1547,1639,1618,1807,1408,1938,2252,1392,1242,1930,1104,2034,1216,1663,1455,1112
1581,1348,1658,1666,1549,1872,1666,1749,1263,2093,2235,877,1690,1413,1773,1357,1291,1322,1907,1714,1438,1673,1599,1629,1659,1526,1520,1761,1670,1150,1453,1950
1310,1936,287,1854,1549,1433,1984,1616,2125,1520,1489,1824,1382,1758,1347,1253,1521,1460,1508,1135,1654,1840,1616,1310,1377,1798,1573,1647,1567,1905,1760,1594
836,1890,1165,1363,1755,1424,2019,1584,2085,764,1955,1365,1570,1810,1341,1427,1555,1520,780,1696,1253,1966,1667,2030,1642,2119,1304,1422,1379,2455,1601,1236
1577,1830,1305,1139,1734,1488,1735,1351,1558,1444,1574,1565,1379,1875,1595,1574,1611,1949,1862,1275,1135,1426,1529,1414,1597,1691,1706,1772,1101,1422,1743,1808
912,1103,1593,1488,1022,1592,1552,2012,1441,1191,1630,1392,1862,1600,1552,1742,2055,1645,1315,1215,1414,1339,1762,1322,1739,1552,1401,1826,1325,1776,1504,1849
1776,1328,1623,1559,1520,1371,1650,1199,1661,1427,1522,1806,1446,1869,1237,1632,1635,1601,1733,1360,1229,1376,1439,1425,1392,1447,1975,1850,1327,1377,1820,2039
1179,2095,1843,1346,1377,1552,1639,995,1546,1221,2592,970,1667,1299,1806,1623,1584,1555,1779,1220,2163,1093,1391,1488,1050,1933,1168,2054,1408,1730,1744,1323
1632,1587,1755,1675,1420,1637,1585,1439,1045,1602,1515,1522,1597,1509,1872,839,1761,1579,1634,1740,1324,1867,1381,1361,1278,1103,1490,1942,1771,1470,2409,1900
1167,1808,1217,1872,1390,2086,1484,1466,1737,1186,1328,1451,1610,1712,1584,1446,1696,1630,1819,1297,1712,1739,1473,1552,1198,1633,1488,1189,1839,1186,2128,1408
1845,1611,1340,1821,1363,1872,1569,1487,1716,1258,1553,1168,1550,1601,1616,1673,1712,1719,1319,1776,1590,1249,1761,1739,1616,1333,1233,1557,1422,2029,1766,1051
1856,1583,1340,1682,1669,1136,1636,1831,1597,1616,1126,1378,1008,2160,2432,906,1349,1874,1707,1299,2194,1299,1412,1603,1497,1943,1655,1117,1313,1088,1552,1314
1839,1466,1877,2133,1408,1442,1472,1545,1936,1810,1472,1205,1514,1125,1344,1555,1868,1939,1872,1488,1152,1383,1949,1640,1735,1689,1824,1290,1408,1498,1323,1413
1491,1769,1200,1685,1670,1583,1546,1566,1744,1616,1837,1616,1295,1335,1498,1438,1495,1313,1625,1622,1506,1599,1634,1600,1290,1873,1639,1759,1741,1363,1552,1762
1323,1349,1552,1554,1481,1677,1582,1545,1585,1360,1599,1903,1718,1038,1637,1604,1703,894,1821,1287,1545,1243,1868,1645,1482,1155,1211,2071,1269,1783,1239,1957
1392,1011,1759,1458,1782,1469,1584,1735,1409,1311,1522,1872,1648,1659,1709,1874,621,1366,1279,1874,1610,1568,1584,1357,1494,1565,1571,1454,1975,2167,2086,1054
1373,1280,1531,1076,1628,1606,1596,1611,1738,1718,1627,1621,1503,1776,1527,1463,1456,1510,1449,1321,1488,1535,1555,1642,1587,1581,1600,1642,1589,1584,1738,1608
1373,1407,1401,1342,1372,1522,1872,1728,1553,1565,1654,1398,1534,1617,1618,1739,1545,1601,1625,1206,1408,1349,1527,1663,1636,1591,1616,1589,1595,1575,1623,1715
1643,2135,1260,1244,1581,1154,1576,1596,1578,1628,1565,1574,1616,1706,1550,1567,1776,1625,1563,1411,1488,1408,1371,1535,1555,1664,1558,1377,1654,1697,1397,1522
1867,1744,1670,1378,1275,1296,1456,1342,1712,1990,1809,1263,1411,1601,1840,1827,1705,1421,1533,1531,1367,1492,1287,1358,1410,1568,1687,1586,1665,1712,1494,1557
1521,1659,1710,1629,1567,1314,1483,1361,1300,1520,1564,1763,1786,1637,1488,1502,1557,1641,1629,1643,1643,1333,1490,1579,1147,1490,1552,1597,1808,1616,1296,1141
1461,1382,2192,1664,1760,2091,1726,1547,1468,1006,1432,1517,1567,1553,1667,1664,1583,1451,1634,1558,2166,1485,1440,1424,1905,989,1533,1513,1456,1778,1607,1546
1535,1596,1611,1564,1685,1708,1602,1482,1458,1479,1281,1452,1482,1680,1647,1535,1584,1637,1624,1563,1523,1764,1680,1680,1392,1461,1481,1232,1552,1584,1589,1646
1845,1570,1555,1552,1557,1607,1687,1616,1507,1398,1664,1457,1385,1723,1571,1501,1535,1569,1579,1683,1600,1600,1563,1530,1514,1505,1581,1643,1293,1339,1194,1969
1629,2047,1659,1543,1555,1141,1293,1856,1716,1857,1681,1785,1375,1584,753,1575,1642,1959,1632,1547,1535,1411,1533,1501,1683,1776,1697,1310,1419,1187,1317,1855
1600,2190,1666,1226,2210,1808,1293,974,688,1178,1121,1712,1845,1871,2206,2411,2217,2292,869,1167,1504,1341,1552,1461,1521,1678,1619,1549,1424,1472,1411,1344
1451,1489,1629,1730,1554,1578,1587,1563,1533,1524,1802,1581,1339,1408,1350,1216,1390,1998,1516,1463,1650,1613,1790,1985,1602,1442,1655,1568,1549,1645,1331,1440
1288,1359,1552,1557,1642,1618,1623,1680,1558,1446,1771,1623,1861,1601,1392,1331,1248,1351,1388,2458,1398,1227,1863,1424,1461,1573,1588,1797,1606,1678,1489,1329
1711,1443,1276,1410,1790,1758,1673,1578,1547,1551,1525,1827,1566,1610,1679,1360,1274,1414,1075,1603,1488,2229,1701,1384,1587,1625,1565,1470,1565,1926,1572,2217
1485,1206,1295,1241,1472,1783,1803,1616,1469,1534,1566,1398,1440,1550,1621,862,1270,1438,1867,1344,1998,2130,1027,1453,1754,2181,1478,1330,1969,1799,1311,1701
1795,895,1584,1328,1808,1053,1579,1520,1276,1738,1691,1311,1422,1392,2293,2259,1579,1360,1472,1407,1358,1115,1520,1645,1787,1711,1428,1639,1616,1338,1445,1667
1798,1838,1532,1109,1583,1221,1311,1585,1633,1953,1646,1393,1466,1853,1584,1438,1895,2118,1484,1306,1491,1167,1553,1582,1298,1964,1365,1208,1680,1773,1776,1687
971,2080,1776,1522,1683,1477,1311,1695,901,1392,1840,1302,2251,1456,1562,1522,1843,1275,1485,1795,1289,2665,1046,1591,842,1745,1628,1200,1968,1285,2157,1437
1894,1685,1192,2270,1577,1424,1597,1022,1822,1040,1890,1600,1586,1840,899,1883,1185,2069,1411,1579,1680,1040,1597,1801,954,1902,1857,1657,1490,1830,1487,1853
1793,1689,946,1507,1575,1991,1293,1600,1485,1250,1507,1086,1507,1534,1759,1728,1533,1771,1355,1414,2030,963,1835,1193,2016,1415,1401,1580,1256,1296,1922,699
1952,1707,2135,1651,1887,1749,1735,991,1878,603,1790,1008,2006,1366,1966,1431,1578,1239,1850,643,2169,1447,2239,1297,2059,1407,1552,1115,1927,544,2030,1170
2144,1405,2042,1442,1632,1527,1983,1470,1577,1133,1914,1265,1682,1459,1488,1599,1578,1659,1298,1481,1648,1626,1936,1689,1710,1627,1207,1709,944,1552,1230,1811
1744,1706,1553,1648,1201,2033,721,2445,1278,1674,1602,1605,1443,1470,1248,1783,1254,1620,1499,1966,1526,1862,1597,1550,1673,1392,1982,843,1685,1095,1589,1325
1674,1487,1861,1552,1872,1335,1551,1379,2343,1746,1921,1359,1487,1442,1584,1070,1442,1456,2029,1622,1840,1617,1523,1551,1301,1931,1053,1840,1360,1760,1477,1563
1322,1438,1151,1717,986,2018,1221,1950,1515,1712,1873,1519,1491,1790,643,1451,1040,1789,1427,1510,1883,2291,2277,1394,1488,917,1958,1526,2148,1630,1405,1109
1552,763,1159,1270,2047,1822,1945,1632,1648,1501,2559,1591,1179,1466,2177,665,1834,1173,1388,1349,2000,715,1728,1302,2067,1519,1835,1394,1646,1637,1622,1425
1667,1531,1331,1530,1381,1552,1494,1648,1526,1722,2125,1161,1531,1778,2345,1750,1616,1097,1175,1731,564,1721,1475,2038,1587,1779,1659,1589,1150,2061,854,1875
1249,1915,1477,1545,1450,1456,1390,2079,794,1869,1230,2005,1408,1843,1909,1663,1456,1686,707,1548,1142,1827,1531,1844,1694,1578,1607,1715,1054,1633,1488,2025
1958,1680,1357,1456,1338,1014,1197,1514,1427,1877,1795,1993,1600,1299,1664,1095,1726,1386,2015,1706,2631,1105,816,1247,1505,793,1249,1840,1841,1947,1723,1337
1786,2033,1825,1072,1476,1731,1489,1329,1622,1549,1600,1650,1364,1410,1638,1433,1662,1655,1600,1266,1341,1451,880,2674,1829,1744,1936,1630,1753,1753,1206,1503
843,1721,1648,2067,1853,1499,1390,1360,1476,1104,1450,1518,1787,1821,1690,1712,1527,1395,1274,1345,1440,1529,1058,1872,1739,1961,1819,1221,2491,1724,1584,1386
1445,1555,1520,1575,1723,1473,1413,1520,1529,1327,1409,1561,1584,1661,1585,1578,1563,1591,1546,1605,1778,1625,1563,1402,1473,1473,1648,1564,1346,1430,1376,1583
1635,1489,1605,1616,1616,1799,1604,1472,1373,1466,1337,1461,1735,1623,1622,1530,1527,1565,1374,1593,1723,1675,1770,1744,1549,1470,1374,1199,1460,1626,1466,1616
1746,1598,1466,1519,1473,1872,1679,1802,1535,1356,1407,1469,1535,1406,1532,1812,1397,1402,1523,1530,1781,1616,1534,2192,1945,1589,1162,1429,1535,1065,1433,1402
1664,1563,1820,1344,1925,1456,1728,2139,1275,1943,1296,1564,1362,1398,1367,1520,1583,1584,1776,1739,1520,1435,1561,1890,1425,1410,1344,1387,1575,1277,1232,2205
2164,1863,1549,1490,1552,1087,1930,1531,1520,1643,1601,1472,1391,1579,1705,1354,1335,1622,1627,1584,1600,1589,1584,1502,1561,1691,1627,1622,1456,1438,1472,1244
1984,1501,1365,1686,1424,1685,1601,1518,1573,1723,1724,1646,1591,1397,1505,1936,882,1483,1882,1742,1121,1790,1390,1584,1654,1533,1699,1746,1578,1590,1344,1686
751,1979,1161,1397,1840,1651,1743,1616,1552,1775,1261,1835,1700,1603,1411,1501,1414,1255,1510,1482,1482,1632,1572,1575,1589,1713,1552,2544,1461,1141,1605,1321
1517,1520,1559,1639,1387,1414,1550,2481,1441,1260,1765,1533,1741,1593,1643,1582,1333,1532,1303,1424,1499,1568,1693,1600,1582,1566,1565,1481,1402,1639,1597,1586
1531,1584,1604,1691,1941,1779,1253,1949,1406,1271,1664,1578,1577,2084,1606,1525,1412,1331,1700,1408,1211,1600,1604,1680,1296,1803,2092,1504,1253,1229,1779,1712
1639,1434,1398,1306,1489,1293,1588,1563,1550,1680,1584,1596,1563,1571,1597,1701,1719,1984,1194,1579,1359,1359,1483,1505,1634,1662,1598,1587,1621,1600,1568,1622
1699,1689,1584,1291,1486,1446,1233,1875,1063,1840,1309,1674,1438,1346,1674,1257,1850,1017,1853,1360,1570,1611,1473,1396,1401,1571,1712,1603,1563,1573,1604,1533
1515,1786,1666,1600,1520,1381,1415,1303,1481,1562,1571,1936,1198,1722,1587,1501,1567,1674,1611,1594,1495,1341,1425,1301,1280,1984,1863,1731,1685,1675,1407,1589
1600,1269,1712,1674,1634,1578,1407,1503,1376,1440,1550,1616,1607,1573,1619,1534,1498,1487,1511,1553,1515,1585,1589,1724,1839,1509,1112,1444,1441,1585,1771,1583
1924,1561,1907,1418,1445,1655,1282,1606,1609,1315,1361,1470,1529,1548,1411,1936,1751,1546,1497,1368,1998,1655,1834,1082,1486,1303,1392,1371,1529,1613,1613,1590
1573,1563,1633,1598,1553,1741,1779,1600,1391,1507,1447,1281,1472,1563,1606,1667,1563,1520,1568,1616,1602,1643,1759,1673,1614,1390,1431,1357,1330,1522,1552,1575
1631,1648,1805,1315,1634,1501,1933,1659,1551,1594,1366,1419,1386,1394,1571,1473,1771,1648,1503,1581,1679,1587,1633,1661,1668,1610,1392,1447,1456,1327,1478,1505
1629,1687,1603,1565,1553,1535,1661,1578,1765,1697,1818,1285,1613,1186,1450,1451,1549,1737,1619,1596,1585,1613,1569,1546,1599,1807,2140,1153,1373,1567,1255,1435
1503,1559,1765,1579,1488,1578,1654,1590,1549,1669,1766,1616,1571,1424,1510,1216,1392,1507,1552,1777,1618,1717,1616,1526,1514,1617,1805,1646,1385,1357,1520,1315
1906,1295,1584,1171,1778,1997,1139,1954,1278,1823,1495,1607,1615,1442,1590,1627,1444,1300,1600,1620,1591,1450,1754,1632,1728,1706,950,1779,1685,1921,1529,1507
1551,1216,1446,1335,1431,1691,1815,1724,1607,1620,1494,1549,1622,1630,1442,1495,1799,1456,1344,1507,1447,1511,1571,1593,1721,1693,1585,1575,1627,1706,1600,1520
1395,2000,854,1340,1584,1458,1738,1599,1594,1634,1523,1501,1569,1819,1629,1952,1623,1345,1493,1121,1303,1456,1488,1507,1653,1761,1792,1523,1519,1638,1392,1778
1233,1131,1836,1775,1988,1517,1773,1469,1566,1584,1446,1552,1554,1344,1459,1783,1758,1627,1566,1681,805,1629,1287,2496,1222,2152,1666,1168,1815,1093,2195,1490
2199,1424,1520,1714,886,1408,1139,2098,1680,1353,1667,1088,2219,890,1409,2087,2070,1664,1790,1489,1247,1360,1183,1503,1515,1534,1772,1735,1655,1598,1569,1489
1575,1708,1607,1554,1389,1475,1213,1831,1307,1072,1868,2165,1680,1363,1897,1517,1383,1661,1647,1527,1505,1750,1471,1638,807,1293,1424,1057,1422,2001,1456,1831
1766,2432,2448,1465,1266,1358,1702,1808,953,1360,1549,1546,1437,1424,1586,1725,1742,1584,1583,1861,1534,1296,1326,1083,1506,110,1279,988,2389,1813,2159,2256
2263,1968,1533,1762,1221,1184,1958,1419,1273,939,1999,1087,2229,855,1883,1584,1679,989,1166,2032,1104,968,1446,1389,1897,1250,1472,2414,2231,2203,1253,1749
621,1695,1244,1921,1367,1863,1434,1834,1031,1506,1181,1793,1343,1619,1951,688,2160,1074,1595,1479,1601,1759,1555,1791,1263,1428,1706,563,1663,1274,2400,1680
1517,1644,1275,1905,1264,1344,1815,1502,2106,1273,1534,1597,1346,1567,1219,1644,1705,1631,1863,1409,1872,1349,1471,1771,1345,1446,1505,1781,1295,1413,1648,1591
1264,1546,1571,2009,1666,1679,1608,1590,1783,1347,1358,1883,1246,1347,1458,1549,1649,1591,1579,1584,1515,1535,1582,1746,1784,1654,1339,1389,1411,2196,816,1747
1350,1874,1773,1603,1637,1585,1471,1517,1687,1699,1614,1489,1429,1483,1333,1411,1579,1615,1431,1495,2190,1360,1271,1637,1589,2072,1670,1278,1343,1595,1581,1403
1449,1651,1561,1424,1585,1518,2218,1447,1622,1520,1392,1677,1341,1470,1558,1585,1431,1961,1735,1575,1467,1388,1648,1403,1473,1634,1726,1707,1465,1552,1781,1275
1335,1344,1534,1985,1530,1373,1575,1562,1993,848,2016,895,2112,1127,1742,1104,1635,847,1550,1281,1903,1654,1520,1661,1761,1333,1501,1741,1658,1680,1575,1381
1407,1218,1023,1677,2079,1462,1367,2499,1578,1189,1389,1264,1861,1567,2013,1675,1396,1679,1035,1736,1476,1849,1467,1787,1068,1709,1265,2012,1600,2575,1451,1472
1460,1008,1755,706,2199,1211,2035,1488,1601,1748,1121,1986,963,2361,1513,1841,1621,1174,1942,932,1408,1522,1457,1872,1440,1806,1263,1587,1655,1149,2064,1264
2383,1168,1671,1657,1134,2032,1008,1425,1719,1392,1754,1450,1777,1215,1397,2077,1685,2012,839,2075,1270,1328,1507,1161,2174,1357,1370,1714,1398,1886,1321,2007
1458,1783,1718,979,1920,790,2064,1265,1710,1691,1276,2080,1078,1598,1520,1560,1715,1465,1718,1008,1744,1499,1150,1709,1163,2276,1163,2286,1670,1827,1726,857
2464,1161,1485,1832,1354,1615,1003,1650,1392,1230,1853,1225,2034,1345,1872,1233,1522,1989,1247,1895,1200,1808,1549,1545,1527,1275,1675,1747,1079,1881,1100,2012
1346,1919,1584,1472,2017,1049,1780,1309,1392,1477,1475,1745,1520,1475,1921,1158,1654,1206,2272,1645,2099,1515,1264,1712,1475,1161,1399,1340,1803,1379,1831,1597
1248,2118,1494,1483,1434,1701,1712,1444,1919,1237,1291,1627,957,1921,1244,2353,1602,1439,1486,1276,1664,1936,1643,1399,1291,1707,1359,1562,1748,1754,1772,766
1679,551,2029,1297,1877,1647,1789,1834,1653,950,1675,896,1485,1871,1970,1328,1424,1883,1059,2058,1443,1970,1456,1723,1502,1106,1761,1392,1299,1563,1433,1863
1585,1787,1355,1616,1759,1047,1858,1267,2064,1360,1916,1446,1190,1680,1154,1707,1484,2746,1078,1984,1444,1516,1581,1770,1261,1840,1077,1962,1234,1604,1284,1453
1827,1250,1717,1242,1939,1494,1677,1695,1454,1995,1622,1281,1596,1158,1673,1263,1889,1457,1424,1897,1064,1919,1147,2173,1584,1872,1678,1295,1613,1645,1104,1500
1218,1935,1559,1785,1567,1147,2076,1476,1415,1442,2439,1882,1573,1655,1358,961,1584,631,1886,1228,2098,1431,1840,1559,1338,1996,1267,1585,1550,1481,1729,1340
1353,1134,2292,1521,1265,1565,1410,1811,1601,1594,1747,2244,1762,967,1513,1549,1369,1931,1648,1394,1360,1564,1648,1206,1747,1600,2001,1598,1703,1425,1023,1455
903,1318,1510,2227,1873,1463,2154,1641,1821,1454,1104,1885,2171,1759,1909,983,1586,1229,1254,1466,1397,1827,1780,1697,1648,1360,1515,1493,1439,1779,1697,1765
1593,1521,1262,1289,1372,1494,1717,1520,1900,1788,1795,1558,1395,1635,1450,1470,1574,1510,1582,1551,1752,959,1662,1477,1343,1504,1475,1361,1524,1584,1426,1642
1632,1610,1119,2262,2224,1776,1043,1571,1633,1534,1976,1594,1524,1521,1559,1559,1578,1543,1519,1296,1301,1870,1303,1424,1750,1515,1554,1663,1584,1488,1555,1683
1733,1584,1434,1488,1522,1328,1437,1581,1578,1645,1629,1566,2012,1136,1803,1579,1677,1736,1492,1459,1444,1437,1329,1488,1575,1553,1520,1552,1447,1677,1330,2110
1846,1545,1584,1643,1245,1586,1575,1210,1492,1717,1590,1566,1626,1562,1479,1575,1563,1601,1639,1573,1558,1562,1547,1312,1406,1481,1602,2043,1348,1344,1677,1442
1599,1641,1635,1678,1584,1426,1455,1407,1264,1521,1579,1578,1658,1603,1565,1534,1581,1594,1629,1746,1631,1601,1334,1616,1522,1210,1519,1568,1570,1705,1601,1501
1582,1572,1520,1685,1735,1616,1550,1546,1551,1214,1403,1392,1423,1490,1490,1522,1693,2005,1650,1584,2226,1566,1232,1328,1253,1363,1419,1514,1567,1827,1650,1632
1888,1344,1454,1330,2025,1891,1517,1355,1394,1600,1666,1120,1633,1552,1360,1601,1727,1344,1827,1296,1695,1643,1931,1510,1233,1121,1371,1974,1840,1551,1377,1798
2160,1629,1577,1442,2003,1573,2281,1363,2181,953,2026,907,1293,1569,1421,1574,1594,1555,1351,1503,1648,1798,1680,1647,1814,1750,1367,1136,1457,1453,1535,1424
1810,1675,1567,1555,1471,1227,1985,1735,1936,1344,1069,1476,1695,1459,1713,1001,1481,1649,1216,1525,1659,1313,2064,2269,1921,1695,818,1155,1917,1508,1423,1646
1402,1731,1648,1560,1167,1781,1701,1562,1904,1599,1595,1530,1625,805,1422,1477,1499,1884,1617,1603,1525,1835,1007,1414,1695,1745,1919,1698,1579,1200,1756,998
1210,1570,1726,1767,1619,1623,1521,2383,1431,980,1760,1689,1778,1600,1479,1248,1434,1630,1054,1473,1709,1606,1791,1545,1553,1488,2109,1659,1181,1952,1649,1438
1508,1254,1482,1635,1792,1040,1533,1664,1786,1711,1591,1584,1728,1812,1206,1154,1511,1423,1555,1738,1584,1552,1734,1667,976,1614,1639,1840,1749,1747,1591,1314
1702,944,1169,1497,1558,2112,1679,1531,1420,1841,1547,1036,1861,1771,1803,1657,1479,1399,1430,1577,1035,1409,1776,1616,1852,1586,1561,1390,1899,1554,1344,1945
1383,1612,1577,1072,1338,2055,1744,1082,1877,1382,1936,1646,1344,1533,2226,1815,1122,1408,1303,1346,1657,982,1751,1573,2473,1872,1490,1762,889,2295,1693,1840
1463,1280,1860,983,1369,1381,1304,1918,1559,1778,1431,1605,1729,1015,1700,1655,1767,1808,1419,1534,1421,1201,1343,1399,1534,1767,1706,1693,1579,1598,1566,1468
1598,1681,1627,1525,1515,1415,1310,1507,1509,1703,1594,1535,1569,1583,1590,1584,1630,1773,1600,1549,1403,1487,1408,1417,1516,1490,1691,1634,1543,1601,1619,1550
1573,1707,1674,1643,1585,1384,1483,1278,1453,1553,1517,1642,1647,1584,1566,1569,1613,1584,1735,2005,1676,880,1655,1258,1408,1441,1521,1642,1564,1435,1584,1414
1457,1727,1533,1808,2023,1858,1852,915,1738,1371,1302,1529,1587,1568,1592,1613,1590,1584,1557,1747,1639,1874,858,1311,1939,955,1583,1474,1713,1321,1466,1792
1232,1938,2130,2602,1861,1627,865,1370,1419,1485,1363,1424,1554,1605,1643,1424,1338,1570,1718,1639,1792,1759,1625,1501,1299,1500,1275,1457,1639,1606,1667,1584
1513,1509,1547,1567,1600,1725,1712,1616,1534,1424,1463,1301,1419,1565,1600,1687,1579,1574,1591,1570,1589,1583,1702,1644,1575,1405,1800,688,1437,1403,1498,1712
1596,1570,1574,1570,1568,1550,1711,1698,1690,1592,1381,1495,1372,1357,1535,1557,1680,1648,1586,1600,1599,1559,1573,1712,1680,1605,1493,1398,1518,1329,1491,1520
1728,1576,1530,1667,1571,1566,1527,1605,1705,1674,1611,1372,1554,1408,1334,1567,1520,1627,1641,1564,1561,1584,1682,1594,1478,1543,1820,1573,1498,1648,1233,1493
1612,1502,1529,1594,1699,1500,1535,1568,1470,1877,1482,1529,1555,1688,1549,1286,1399,1402,1416,1532,1584,1737,1697,1703,1583,1571,1710,1637,1584,1425,1394,1345
1017,900,2247,1555,1652,2032,1499,1264,1426,1338,1791,1901,1581,1730,1591,1235,1270,1286,1726,1750,1642,1640,1694,1109,1611,1339,1797,1599,1936,1266,1862,874
1545,868,2025,1665,1751,2033,1495,1558,1290,1569,1444,2157,1456,2109,1920,944,1630,875,1705,1209,2076,1473,1920,1509,1398,1962,1452,1211,1744,1447,1875,1360
1774,1216,1395,1654,809,1949,1225,2212,1404,1927,1584,1342,2018,1327,1589,1651,1613,1694,1274,1531,1223,1724,1648,1040,2182,1188,2203,1360,1783,1718,1213,2191
1203,1367,1691,1143,1851,1347,1712,1613,1444,1764,629,1823,1447,1568,1829,1602,1889,1168,1857,1271,1102,1527,1199,2315,1636,1600,1765,1551,1873,854,1678,1687
1770,1869,1572,1345,1482,1246,1511,1070,1986,1739,1611,1693,1535,1581,1136,1847,1328,1447,1939,1627,1610,1413,1323,1426,1343,1481,1722,1792,1714,1594,1950,1713
1616,1289,1517,1521,1301,1488,1652,1424,1842,1429,1579,1622,1455,1526,1295,1579,1680,1831,1693,1591,1600,1223,1497,1261,1305,1725,1654,1675,1603,1391,1526,1563
1723,1712,1578,1822,1503,1404,1581,786,1522,1550,1701,1872,1553,2205,1571,946,1357,1495,1589,2007,1711,1649,1445,1587,758,1520,1317,1859,1730,1808,1418,1857
1078,1525,1523,1648,1871,1794,1388,1653,1450,1099,1477,1331,1927,1673,1745,1408,1811,1063,1698,1347,2023,1650,1863,1079,1933,954,1435,1251,1754,1723,1658,1600
1721,1662,1245,1616,1459,1989,1663,1730,1408,1695,889,1527,1231,1902,1637,1744,1535,1734,1215,1482,1549,1623,1814,1991,1498,1481,1155,1327,1242,1598,1785,1670
1714,1631,1232,1437,1572,1544,1980,1667,1673,1616,1099,1408,1472,1449,1869,1509,1806,1591,1210,1902,1501,1158,1920,1491,1873,1387,1390,1554,1251,1632,1550,1600
1788,1059,1459,1565,1532,1935,1616,2290,1680,1014,1504,1327,1573,1583,1337,1713,1372,1500,1633,1513,1799,1616,1552,1602,1419,1667,1668,1515,1823,1456,1449,1264
1284,1791,1555,1653,1745,1494,1710,1221,1511,1783,1569,1920,1298,1506,1525,1194,1915,1355,1581,1726,1457,1708,1631,1193,1565,1643,1664,1843,1437,1533,1584,880
1543,1477,1679,1795,1498,1693,1594,1423,1535,1457,2046,1676,1683,1605,1284,1234,1348,1467,1849,1636,1685,1597,1417,1286,1523,1607,2000,1198,1758,1669,1232,1353
1408,1690,1581,1514,1818,1505,1249,1517,1750,1660,1648,1703,1681,1505,1268,1524,1519,1478,1499,1552,1535,1385,1488,1872,1729,1776,1571,1509,1666,1581,1424,1504
1591,1586,1258,1520,1557,1433,1543,1584,1776,1648,1617,1535,1528,1697,1663,1593,1545,1550,1456,1300,1489,1594,1622,1395,1622,1813,1634,1632,1610,1589,1564,1490
1365,1408,1660,1367,1286,1790,1619,1676,1109,1504,1471,2035,1356,1650,1543,1738,1217,1347,1549,1569,1245,1581,1810,2069,1261,1469,1569,1532,1618,1596,1590,1739
2146,1518,1109,1607,1259,1414,1430,1527,1753,1646,1600,1454,1532,1535,1520,1605,1719,1591,1726,1428,1408,1162,1888,1429,1514,1653,1442,1921,1655,1776,1191,1563
1641,1633,1603,1402,1462,1493,1275,1520,1493,1567,1681,1491,1619,1622,1501,1578,1744,1648,1680,1589,1429,1498,1342,1393,1514,1519,1643,1687,1581,1588,1424,1535
1598,1676,1815,1668,1424,1234,1520,1845,1599,1390,1551,2013,1146,1841,975,1879,1329,1672,1709,1760,1600,1402,1392,1421,1233,1482,1681,1609,1600,1710,1582,1547
1522,1558,1611,1805,1619,1568,1577,1687,673,1435,1195,1678,1710,1707,1574,1559,1712,1625,1451,1551,1829,1648,1490,1296,1521,1396,1362,1511,1683,1826,1729,1410
1551,1583,1495,1552,1729,1734,1584,1514,1602,1344,1168,1520,1511,1549,1748,1616,1552,1368,1446,2045,1648,1616,1693,1472,1424,1459,1392,1490,1551,1594,1667,1584
1503,1475,1520,1553,1596,2078,1627,1458,1527,1275,1435,1513,1738,1715,1220,1617,1489,1543,1661,1391,1525,1630,1918,1782,1714,1449,1469,1617,1139,1511,1402,1611
1629,1615,1621,1588,1587,1671,1573,1648,1634,1457,1513,1545,1405,1263,1967,1057,1665,1616,1515,1583,1600,1547,1707,1713,1535,1476,1552,1510,1315,1503,1456,1967
1653,1378,1479,1614,1606,1650,1616,1424,1799,1728,1181,1455,1573,1764,1580,1414,1590,1815,1615,1414,1521,1600,1526,1506,1552,1499,1935,1510,1396,1351,1433,1392
1495,1785,1616,1611,1600,1495,1241,1018,1250,1609,1996,2039,2608,2348,832,1481,1136,1296,1520,1755,1616,1446,1551,1622,1584,1105,2032,1663,1933,1435,1226,1271
1553,1535,1341,1729,1721,1566,1513,1506,1785,800,2034,2427,1069,1073,1675,1402,1424,1074,1354,1750,2512,1823,902,1919,1251,1549,1650,1379,1636,1872,1665,1461
1373,1315,1386,1642,1374,1415,1694,1663,1452,1558,1575,1552,2266,1571,1168,1467,1902,1584,1323,1479,1399,1519,1774,1277,1434,1734,1757,1404,1744,1834,1616,1594
1580,1286,1451,1463,1329,1584,2165,879,1617,2157,864,1738,1890,1427,1910,1882,1668,1111,1474,1520,983,1557,1700,1520,1913,1555,1511,1605,1488,1714,1120,2043
1499,1462,1680,1188,1665,1070,1803,1566,1296,1943,1267,2042,1419,1531,1805,1635,1941,1281,1298,1678,1127,1854,1163,1682,1731,1550,2279,1433,931,1790,1520,1955
1761,1803,1343,1509,1342,1434,1060,1778,1231,1963,1663,1765,1212,1759,1429,1806,1137,1899,1344,1895,1301,1658,1063,1468,1411,1980,933,1808,1296,2064,1434,1888
1562,1701,1655,1837,821,1835,960,1777,1346,1755,1643,1558,1471,1919,1198,1697,1411,1798,1714,1882,1344,1486,1646,1527,1181,1287,1535,1657,1798,1650,1671,1408
2176,1578,1533,1120,1819,1414,1555,1489,1351,1563,1693,1459,1611,1182,1697,1486,1584,1739,1995,1475,1505,1530,1739,1293,1323,1470,1399,1712,1520,1762,1552,1535
1636,1774,1904,1679,1610,1776,1408,1523,1399,1479,998,1936,1147,1716,1227,2064,1626,1629,1708,1662,1583,1679,1573,1328,1680,1286,1831,1104,1744,1467,1680,1664
1631,959,1819,1302,2150,1600,1680,1583,1184,1342,2022,1226,1964,1580,1326,2174,1441,1645,1441,1577,1701,1665,1559,1702,1342,1904,1377,1329,1499,1301,1703,1691
1265,1981,1421,1690,1664,1519,1839,1634,1591,1712,849,1456,1373,1357,1835,1615,1757,1626,1476,1845,978,1552,1762,1633,1885,1471,1445,1520,1687,1667,951,1487
1699,1575,1609,1642,1367,1617,1507,2522,1712,1257,1809,1501,1744,1743,937,2126,906,2064,1035,1534,1759,1694,1942,1744,1475,1645,1415,1547,1664,1127,1512,1318
1525,1629,2237,1735,965,1819,1190,1423,1808,1645,1876,1627,1409,1507,1105,1635,1424,1410,1813,1410,1769,1502,1518,1787,1082,2176,1533,1552,1649,1269,1767,1573
1451,1614,1167,1846,971,1648,1686,1616,1824,1423,1584,1759,1553,1754,1072,1512,1451,1279,1697,1514,1727,1683,1491,1754,1071,1584,1825,1652,1667,1336,1808,1774
1018,1493,1074,1950,1735,1503,1713,1498,1508,1552,1415,1675,1187,2435,1594,1209,1632,1088,1950,1177,2126,1014,1477,1886,1580,1351,1885,1791,1721,1382,1602,1959
1546,1507,959,1571,1595,1403,1687,1574,1989,1383,1340,1794,1503,2029,1575,1493,1605,1392,1483,980,1328,1679,1449,2032,1587,1596,1599,1798,1634,1325,1893,1355
1695,1499,1369,1505,1194,1891,1105,2082,1759,1600,1593,1438,1543,1662,1679,1738,1246,1554,1532,1625,1394,1305,1639,1552,1581,1325,1313,1687,1878,1821,1925,1599
1550,1618,1675,1137,1415,1250,1507,1616,1389,1643,1603,1529,1968,1490,1296,1811,1813,1773,1321,1504,1677,1331,1373,1308,1785,1663,1548,1640,1634,1502,1623,1488
1471,1898,1479,1584,1616,1287,1420,1525,1232,1614,1713,1578,1701,1615,1409,1518,1585,1615,1625,1597,1680,1764,1334,1229,1662,1618,1282,1651,1643,1492,1543,1588
1534,1637,1662,1575,1680,1787,1346,1408,1287,1691,1629,1381,1616,1503,1482,2061,1609,1575,1569,1485,1830,1455,1483,1337,1322,1493,1484,1574,1632,1410,1534,2022
1552,1357,1837,1616,1687,1348,1490,1559,1535,1190,1517,1600,1679,1459,1425,1643,1879,1158,1491,1908,1648,1550,1804,1328,1712,1471,1329,1543,1488,1723,1727,1102
1797,1493,1585,1462,1553,1763,1630,1552,1559,1394,1222,1627,1431,1552,1594,1595,1609,1649,1552,1751,1490,1809,1468,1553,1383,1223,1525,1299,1513,1578,1827,1840
2038,914,1783,1612,1919,1597,1555,1535,1591,1169,1468,1232,1535,1571,1429,1633,1597,1345,2115,1502,1979,1425,1580,1653,1650,1573,1287,1313,1200,1495,1444,1693
1793,1883,1579,1551,1616,1349,1718,1590,1567,1503,1615,1615,1316,1424,1354,1570,1643,1372,1754,2135,1646,1106,1468,1542,1618,1660,1728,1703,1627,1254,1344,1381
2255,1943,939,2007,1313,1525,1519,1469,1962,1626,1578,1483,1526,1602,1064,1456,1564,1482,1488,1926,1662,1472,1494,1664,1653,1715,1633,1531,1392,1552,1421,1354
1518,1554,1631,1590,1504,1561,1558,1457,1526,1685,1691,1892,1949,1081,1698,1263,1125,1431,1841,1360,1456,1996,1717,1632,1776,1426,1713,1639,1511,1350,1518,1415
1242,1681,1654,1317,1710,1655,1571,1637,1535,1499,1581,1674,1712,1616,1370,1474,1234,1043,1477,1681,1808,1399,2112,1674,1609,1264,1683,1907,1616,1616,2011,1055
1469,1083,1422,1667,1503,1716,1231,2414,1330,1301,1697,1599,1402,1590,1680,1415,1767,1392,1237,1470,1673,1341,1516,1609,1358,1821,2037,1744,1584,1911,1040,1499
1362,1486,1483,1311,1456,1625,1919,1355,1424,1556,1665,1599,1739,1607,2140,1357,1248,1580,1552,1387,1455,1776,1603,1565,1550,1314,1550,1655,1552,1563,1584,1713
1506,1746,1777,1138,1193,1549,1751,1454,1712,1606,1591,1590,1384,1919,1429,1520,1710,1582,1614,1382,1319,1322,1324,1576,1893,1488,2267,1683,1302,1355,1590,1677
1588,1712,1514,1548,1568,1297,1497,1529,1407,1659,1593,1487,1545,1603,1633,994,1975,1607,1873,1648,1520,1207,1375,1332,1398,1456,1587,1454,1602,1685,1898,1751
1529,1808,1392,1420,1360,1776,1535,1059,1747,2005,1517,1148,1350,1543,1531,1603,1565,2471,1963,1183,1465,1419,1355,1244,1502,1639,1472,1543,1550,1421,2005,1613
1623,1532,1513,1892,1419,1437,1255,1303,1360,1473,1517,1729,1584,1839,1782,1648,1471,1515,1747,1859,1600,1456,1325,1462,1309,1323,1527,1937,1722,1362,1630,1601
1523,1595,1566,1689,1723,1610,1488,1340,1342,1299,1313,1523,1574,1723,1685,1743,1569,1771,1210,1578,1973,1187,1420,1550,1293,1473,1498,1875,1829,1408,1249,1904
1492,1505,1584,1712,1779,1760,1535,1456,1565,1397,1347,1319,1547,1635,1430,1820,1678,1478,1552,1535,1465,1614,1751,1623,1549,1421,1371,1450,1549,1498,1456,1687
1524,1622,1668,1808,1746,1186,2066,1702,1490,1455,1491,1063,1472,1673,1215,1456,1520,1003,1941,2836,2462,1012,1264,1439,1947,1644,1299,1241,1513,1605,1477,1360
1603,1603,1642,1583,1382,1488,1480,1502,1520,1715,1847,1693,1293,1424,1571,2089,1408,1355,1392,1455,1739,1435,1555,1664,1733,1629,2240,1414,1018,1558,1022,1401
1493,1582,1627,1566,1424,1479,1914,1685,1737,1622,1749,1419,1632,1545,1105,1168,1371,1739,1660,1585,1292,2127,1793,1653,1340,1679,1747,1383,1416,1742,1225,1506
1302,1961,1984,1415,1495,1675,1741,1227,1403,1566,1500,1933,1734,1615,1810,1296,1252,1456,1424,1443,1552,1418,1490,1473,1579,1571,2170,1654,1461,2116,1634,1358
1411,1527,1248,1456,1594,1574,1609,1359,1562,1655,1498,1687,1631,2083,1645,1030,1599,1035,1624,1915,1583,1248,1363,1523,1559,1472,1629,1783,1701,1588,1886,1650
1914,1924,367,1444,1954,1111,1751,1239,1834,1534,1519,1638,1040,2096,1946,1706,1499,1331,1441,1153,1456,1667,1553,1230,1529,1808,1665,1521,1543,1984,1895,1651
1566,1616,1628,1264,1669,1648,1265,1525,1639,1475,1333,2013,1663,1743,1638,1734,1507,1435,1585,1138,1607,1517,1467,1751,1491,1431,2214,995,1559,1566,1834,1792
1395,1472,1501,1467,1209,1425,1387,1463,1310,2098,1719,1552,1434,1513,1511,1584,1607,1711,1547,1936,1585,1268,1180,1408,1473,1246,1725,2275,1761,1287,1669,1911
1424,1702,1575,1118,1606,1366,1430,2191,1427,1259,1676,1462,1605,1386,1545,1591,1651,1802,1621,1424,1278,1341,1520,1622,1255,1456,1945,1488,1498,1267,1322,2310
2193,1377,1489,1719,2123,941,1474,1606,1563,1475,1567,1363,1828,1360,1483,1565,1551,1776,1584,1818,1530,1147,1390,1529,1347,1523,1904,1457,1516,1607,1456,1681
1299,1639,1665,2023,1604,1476,1435,1451,1580,1117,1317,1396,1860,2296,1755,1189,1625,1583,1408,1746,1427,1808,1570,1397,1595,1241,1632,1533,1430,1675,1552,1360
1786,1665,1596,1692,1624,1585,1575,1357,1663,1067,1325,1543,1545,2047,1654,1346,1921,1207,1444,1461,1585,1834,1690,1519,1504,1680,1065,1467,1463,1483,1600,1665
1238,1594,1744,2094,1647,1488,1829,1599,1412,1430,1424,1193,1104,1840,1741,1879,1534,1328,1853,1619,1717,1551,1355,1675,1651,1429,1456,1780,1433,1124,1427,1459
1648,1587,1638,2169,1793,1168,1534,1714,1488,1425,1520,1771,1158,1168,1523,2196,2096,1797,987,1746,1360,1392,1451,1612,2072,1683,1103,1575,1585,1287,1374,1487
1675,1684,1759,1392,1487,1691,1562,1383,1557,1743,1520,1403,1553,1889,1791,1105,1472,1425,1627,1662,2243,1566,1083,1679,1452,1607,1575,1425,1457,1339,1326,1366
1366,1682,1716,1637,2387,2076,1066,1438,1445,1549,2003,1739,1551,1264,1520,1251,1379,1394,1308,1873,1654,1534,1859,1610,1481,1853,1487,1472,1605,1152,1456,1392
1643,1728,1248,1663,1589,1584,1845,1616,1791,1355,1778,1531,1521,1553,1453,1890,1612,1217,1469,1468,1584,1659,1599,1594,1559,1600,1581,1563,1667,1424,1110,1389
1590,975,2148,1714,1628,2182,752,1910,1611,1462,1604,1311,2395,1798,1981,1071,1328,1742,1551,1123,1420,1684,1521,1460,1360,1936,2594,1614,1006,1685,1840,1615
1214,1531,1371,1406,1360,1509,1776,1607,1552,1564,1451,1501,1958,1363,1918,1655,1355,1456,1429,1439,1599,1245,1648,1473,1427,1823,1699,1358,1500,1644,2221,1789
1549,1521,1399,1361,1401,1374,1810,1648,1422,1555,1563,1575,1768,1395,1403,1515,1762,1606,1530,1831,1535,1163,1328,1377,1620,1679,1456,1535,1734,1600,2229,1821
1313,1611,1803,1605,1246,1423,1066,1470,1499,1870,1627,1552,1310,1427,1973,1563,2287,1185,2160,678,1510,944,1616,1682,1675,1435,1948,1505,1313,1330,1648,1853
2511,1734,794,1107,1109,2128,1765,1401,1555,1613,1331,1466,1460,1272,1506,1522,1697,1730,1455,1571,1768,2258,1804,1159,1712,545,2085,1854,1317,1726,1747,1247
1535,1437,1409,1827,1721,1503,1589,1647,1010,1561,1467,1350,1783,1632,1741,1613,1549,1514,1509,1814,1328,1406,1616,1548,1547,1437,1309,1882,1843,1234,1138,1489
1827,1524,1462,1866,1613,2090,1685,1216,1761,1367,1115,1534,1550,1943,1477,1486,1552,1344,1759,1329,1790,1645,2096,1349,1428,1470,1085,1491,1511,1623,1856,1841
1310,1355,1775,1479,1328,1584,1719,2006,1310,1514,998,1489,1661,1040,1489,1931,2052,1701,1206,1520,1365,1617,1786,1600,1399,1424,1818,1397,1253,1522,1552,1718
991,1770,1667,1685,1408,1716,1930,1839,1171,1234,1514,1199,2055,1635,1451,1776,1621,1591,1969,1745,1114,1333,1495,1904,1886,1680,1196,1502,1287,1406,1497,1501
1850,1249,1698,1610,1291,1325,1984,1522,1935,1397,1548,1776,1406,1563,1159,1859,1117,1749,1337,1510,1219,1286,1791,1750,2127,1808,2171,1691,1091,1139,1373,1495
1423,1408,1871,1344,1584,1777,1386,1301,2321,1648,1282,1487,1707,2101,1809,994,1737,1296,1638,1562,1255,2238,1658,1241,1296,1521,1873,1774,1606,1462,1344,1632
1152,1482,1569,1666,1793,1616,1566,1360,1615,1488,1392,1687,1513,2205,1625,1269,1503,1303,1835,1434,1289,1481,1489,1729,1589,1582,1707,1463,2215,1398,1425,1318
1385,1495,1635,1359,2120,917,2074,1447,2014,542,2605,1557,1630,1648,1474,1183,1833,883,1462,1487,1610,1835,1659,1826,1488,1322,1696,1092,1600,1566,1504,1474
1764,1821,1904,1649,1578,1091,1462,1520,1714,1952,1706,1390,1520,1345,1851,1138,1509,1287,1548,1363,1811,885,2160,1684,2053,1117,1531,1190,1609,1632,1458,1655
1680,1296,1796,720,2031,912,1774,2359,2577,1578,1952,925,1637,1362,1879,912,1681,1670,1490,1295,1853,1747,2176,741,1558,1594,1563,1490,1900,1466,1461,1531
1911,1200,1372,1465,1679,1703,1165,1614,1782,1238,2129,971,2606,1744,1360,1550,1839,1513,1431,1360,1481,1385,1193,1553,1362,1711,1617,1535,1926,1801,1961,1455
1390,1693,1343,1638,1254,1552,1520,1139,1945,1587,1562,1801,1457,2031,1282,1517,1648,1600,1517,1326,1514,1698,1088,1424,1558,1401,1970,1219,2288,1077,1206,1496
2232,1733,1890,1521,1304,1899,1471,1373,970,1477,1492,2175,1503,1534,1668,1143,1344,1781,1611,2228,2219,906,1485,1521,1689,1511,1249,1648,1322,1459,1907,1616
1587,1629,1500,1454,1584,1357,1381,1456,1463,1881,1514,1579,1795,1840,1486,1681,1158,1510,1680,1493,1510,2256,1584,1435,1313,1238,1459,1394,1861,1680,1751,1630
1433,1662,1136,1552,1568,1698,1694,1569,1164,1329,1727,1264,2256,1633,1501,1930,1699,1329,1363,1345,1917,1314,1465,1472,1728,1684,1856,1135,1556,1898,1474,1197
1927,1845,1364,1843,1318,1652,1670,1749,1290,1233,1535,1771,1602,1823,1585,1759,1063,1735,976,1697,1250,1588,1647,1933,1662,2267,773,1467,1242,2192,1175,1909
1765,1797,1775,1679,1442,1783,912,1559,1763,1907,1625,1424,1397,1599,1691,1631,1183,1403,1637,1531,1351,1733,994,2093,1699,1841,1817,1016,2018,1206,1408,1758
1679,1450,2117,950,1695,1240,2032,2469,1603,1663,1625,1856,1252,1458,1662,1214,1904,1271,1622,1552,1368,1425,1442,1534,1783,1798,1645,1264,1889,1369,1190,1419
1488,1549,1318,2234,2065,1635,1641,1619,942,1999,1579,1364,1111,1226,1391,1265,1436,1839,2331,1806,1277,1258,1104,1869,1891,1804,1578,2032,1138,1687,1935,1419
1062,1530,1242,1904,1374,1389,1620,1439,1499,2160,1813,1515,1473,1573,1294,1424,1482,1443,1485,1326,1756,1759,1509,1581,1719,1585,1418,1612,1811,1584,1392,1520
1534,1205,1575,1505,1409,1680,1594,1575,1639,1700,1146,1878,1417,1580,1855,1535,1790,1376,1292,1639,1487,1434,1511,1517,1911,1447,1534,1648,1597,1578,1336,1952
1290,1335,1087,1535,1790,1615,1744,1627,1771,1408,1610,1616,1470,2078,1586,1504,1649,1125,1482,1287,1423,1335,1619,2038,1991,1677,1281,1253,1589,1216,1826,2066
1681,1474,1627,1501,1205,1380,1252,1029,1463,2160,1584,1803,1483,1694,1792,1438,1575,913,1193,1280,1984,1760,2192,910,1327,2129,1813,1324,1933,947,1398,1442
2121,2101,1737,1151,1392,1123,1322,1529,1445,1486,1642,1856,1604,1411,1610,1627,2017,1623,1253,1792,1997,884,1141,1423,1605,1584,1388,1520,1647,1888,1699,1169
1706,1613,1488,1417,1574,1685,1825,1517,1281,1693,1694,1840,1296,1438,1828,1361,1215,1879,1745,1815,2122,1468,1047,1835,768,1521,1562,1495,1817,1535,1524,1691
705,1375,1619,1507,2288,2532,1776,784,1371,1532,1563,1366,1899,1706,1606,1746,1298,1670,1200,1958,1246,1872,1328,1547,1521,1378,1744,1136,1717,1232,1808,1464
1838,1166,1227,1834,1497,1438,1442,2128,1797,2149,1664,802,1257,1357,1002,1358,1616,2320,1774,1451,2559,1936,1689,1490,1222,994,1196,1521,1549,1839,1577,1894
1479,1627,1311,1552,1424,1628,1689,1630,1494,1662,1636,1565,1008,1525,1452,1545,1559,1606,1562,1331,1526,1220,1907,2083,2134,1662,2080,1098,769,1627,1395,1514
1369,1744,1931,1594,1297,2009,1664,1563,1312,1698,737,1602,1216,1391,1587,2222,1616,1023,2382,2032,1034,1985,958,2099,1375,1846,1217,1756,1510,1883,1294,1120
1658,1549,1072,1502,1893,1934,1745,1302,1808,1790,1467,1419,1232,1888,1303,1475,1550,1520,1520,1872,1570,1361,1547,1461,1597,1728,1598,1566,1458,1840,919,1451
1252,1518,1850,1886,1667,1286,1263,1648,1712,1837,1673,1983,1069,1376,1815,1147,1376,1316,1530,1686,1573,2075,1792,1187,1565,1617,1967,1709,1371,1249,1526,1559
1347,2000,786,1888,1269,1530,1543,1229,1946,1811,1607,1360,1497,1831,1657,1687,1350,1269,946,1677,1401,1525,1565,1112,1915,2102,1654,1875,1607,1665,1603,1206
1358,1231,1515,1358,1887,1554,1467,1762,1594,1776,1425,1488,1642,1682,1430,1262,1501,1683,1491,1451,1551,1712,1663,1595,1349,1533,1604,1330,1582,1818,1591,1283
1930,1630,1373,1522,1200,1389,1642,1579,1494,1232,2112,1738,1616,1598,1898,1575,1802,1325,1258,1359,1403,1413,1637,1587,1328,1389,1562,1487,2077,1093,2013,1348
1799,967,1776,1430,1955,1888,1138,2252,1125,1130,2010,1650,1552,1511,1685,1601,1826,1482,1490,1395,1403,1133,1580,1531,2015,1246,1899,1616,1820,1297,1677,1595
1257,1911,1701,1035,1385,707,1456,2067,2123,1612,2463,1729,1138,1520,1510,1532,1617,1749,1344,1478,1193,1654,1254,1775,1477,1921,1636,1680,1559,1415,1312,1988
1285,1567,1451,1535,1878,1535,1547,1703,1389,1535,1094,1399,1488,1817,1879,1788,1622,1225,2145,1407,1683,1081,1743,1360,1503,1645,1687,1487,1395,1376,1529,1533
1815,1915,1607,1223,1308,1582,1395,1742,1565,1561,1290,1435,1633,1731,1483,1131,1651,1441,1764,1746,1594,1427,1170,1695,1177,1636,1178,1436,1706,1633,1568,1280
1987,1280,2015,1392,1899,1179,1465,1611,781,1552,842,1907,1359,2154,1765,1776,1798,752,1923,1118,1782,1339,1934,1598,1521,1230,1278,2027,1566,1470,1358,1552
1792,1680,1584,1456,2437,1535,1427,879,1759,1223,1252,1749,2030,1854,1489,1758,1232,1511,1968,1831,1581,1584,1471,1641,1427,1700,1590,1223,1440,1589,1691,1381
1519,1314,1670,1550,1809,1962,1872,1475,1215,1645,1104,1525,1231,1605,1669,1694,1569,1180,1604,1647,2151,1285,1950,1579,1667,1678,1398,1485,1328,950,1535,2054
1500,2001,1642,1508,1264,1427,1431,1584,2375,1877,1449,782,1501,1169,1438,1552,1584,1731,1671,1613,1587,1317,1622,1755,2063,1187,1595,1346,1286,1521,1463,1406
1643,2003,1908,1359,1646,1153,1392,1617,1565,1702,2005,1824,933,1471,1566,1842,1231,1629,1667,1584,1393,1563,1648,1131,1522,1872,1680,1703,1397,1571,887,1358
1346,1759,1583,1505,1965,1774,1726,1101,1424,1535,2287,1779,1370,1799,1285,1328,1381,1199,1728,1413,1826,1521,1535,1842,1298,1794,1568,1669,1006,1621,1678,1449
1680,1551,1184,1975,1492,1260,1735,1328,2013,1394,1764,1650,1584,1429,1629,1253,1616,1259,1745,1520,1627,1736,1411,1570,1609,991,1870,1470,2093,1627,1626,1323
1744,1511,1113,1427,1663,1459,1613,1865,1388,1331,1576,1981,1750,1228,1344,1936,1770,1610,1104,2053,1565,1426,1279,1316,1531,1468,1818,1883,1758,1904,1248,1333
1235,1530,1690,1571,1519,1527,1566,1389,1531,1717,1418,1556,1696,1650,1767,1686,1391,1281,1433,1134,2017,1674,1344,1547,1591,1367,1435,1655,2271,1828,1056,1911
2102,1812,563,2000,1554,1053,1458,1627,1905,1593,1715,1040,1451,1444,1633,1633,1968,1734,1393,1513,1205,1488,1521,1564,1762,1465,1561,1614,1583,1829,1115,1510
1494,1150,958,1093,2355,1579,1403,1395,1792,1195,1532,1751,880,1878,1615,1481,2083,1792,1403,1361,1447,1300,1287,1466,1483,1531,1547,1572,1473,1806,1772,1694
1413,1921,1686,1479,1326,1487,1426,1195,1547,1555,1686,1602,1792,1727,1261,1413,1546,2148,2287,1264,1282,1199,1057,1648,1159,1407,1746,1788,1859,1607,1523,1200
1851,1250,2143,1795,1974,1357,1487,1743,974,1321,1610,1511,1697,1471,1555,1566,1776,1307,1532,1730,1925,1469,1391,1510,1386,1296,1194,1762,1654,1600,1617,1351
1712,1347,1472,1951,1583,1886,1726,1968,930,1312,1631,1525,1833,1639,1279,1555,1565,1808,1463,1361,1567,1394,1810,1616,1626,1008,1534,1759,1675,1466,1667,1506
1427,1642,1603,1392,1514,2086,1679,1513,1241,1778,1505,1316,1487,1449,1546,1811,1600,1380,1631,1553,1515,1558,1671,1630,1509,1185,1456,1585,1437,1931,1655,1680
1221,1237,1566,1296,2328,1754,2028,1357,1185,1360,1954,1717,1377,1981,912,915,1358,1517,1680,1775,1955,1655,1545,1456,1470,1554,1696,739,1649,1651,1655,1659
1694,1535,2011,1239,1325,1453,1424,2045,1578,1579,1429,1289,1585,1706,1702,1671,1591,1338,1463,1712,1554,1431,1535,1694,1907,1296,1424,1488,1221,1701,1265,1648
1606,1452,1651,2271,1982,944,1453,1178,1523,1718,2187,1855,1491,1357,1534,1168,1303,1430,1883,1731,1597,1521,1563,1584,1648,1654,1513,1654,1435,1483,1529,1135
1360,1308,1826,1697,1609,1567,1761,1556,1367,1239,1236,2224,1655,1469,1784,1653,1930,1579,1399,1413,1410,1459,1570,1708,1098,1722,1773,1673,1066,1972,1607,1532
1271,1392,1585,1891,1185,1595,1498,1584,1439,1274,1770,2225,1497,1484,1335,1446,1584,1098,1338,1241,1593,1712,1613,1963,1728,1534,1809,1423,1386,1749,1331,1405
1559,1725,1363,1351,1802,1756,1227,1477,1634,1941,1455,1667,1727,1375,1707,1328,1393,1086,1371,1344,1501,1824,2416,2036,1515,1549,1719,1138,1349,1680,1803,1595
1617,1284,1203,1343,1360,2062,1348,1163,1277,1582,1587,1419,1648,1380,2480,2573,918,1475,1981,1519,794,1383,1547,1543,1871,1554,1352,1661,1953,1726,1676,1721
1890,944,1434,1391,1345,1343,1351,1552,1754,1265,2067,1495,1437,1058,1575,1840,2057,1779,1239,1547,1765,863,1501,1923,1549,1197,1504,1582,2000,915,2581,930
1647,1338,1684,1362,1446,1389,1367,1574,1910,1656,1547,1743,1190,1712,1563,1519,1830,1894,1793,1072,1359,1683,1619,1069,1494,1677,1874,1771,751,1893,1706,1287
1348,1914,1472,1421,1702,1851,1635,1459,1862,1781,1168,1517,1475,1487,1774,1252,1279,1415,1936,2198,1662,975,1107,1600,1591,1413,2102,2056,1778,1199,1435,1313
2379,1357,1215,1712,1403,1599,1472,1104,1533,1720,1392,1431,1844,1555,1817,1854,1133,1447,1861,1753,1481,1499,1621,1178,1291,1929,1677,1219,1845,1573,1401,1329
1422,1419,1568,2304,1999,1163,1381,1726,1947,1566,1092,1483,1514,1916,1620,1530,940,1487,1523,1469,1519,1363,2277,1430,1001,1955,1397,2363,1392,1122,1807,1644
1770,1506,1732,998,1409,1522,1473,1680,1746,1714,1518,1443,1089,1513,1781,1726,1766,1558,1810,534,1831,1624,1265,1450,1680,2194,526,1328,1578,2089,1458,1043
1646,1570,1552,1229,2032,1605,1523,1857,925,1949,1392,1558,1017,1474,2085,1094,2702,1392,1963,1030,1934,1390,2112,565,1874,1698,1558,1429,1763,1640,1106,1663
1323,1399,1232,1520,1675,1937,1378,1787,1783,2032,1670,1698,1264,1163,1523,1115,1834,1599,1630,1712,1359,2033,1203,1455,1617,2327,1610,1265,1217,1691,1550,1344
1532,1616,1526,1450,1455,1727,1701,1345,1551,1648,1610,1981,1719,1220,1520,1430,1139,1516,1344,1502,1600,2319,1776,1549,1553,1521,1529,1575,1717,938,1508,1511
2063,1365,1296,1286,1475,2173,1702,841,1617,1638,2510,1473,1424,2425,1664,1418,922,1227,1295,1490,1559,1705,1691,1214,1689,1395,1261,1877,1846,1635,1568,1632
1865,1009,1489,1507,1441,1573,1678,1261,1447,1940,1786,1477,1371,1836,1653,1729,1601,1461,1121,1469,1597,1569,1457,1481,1894,1776,1425,1472,1729,1625,1584,1699
1236,1423,1648,1155,1635,1545,1671,1335,942,928,1087,1405,1549,2487,2367,2827,2305,1345,1033,1462,1642,1407,1658,1402,1552,894,1695,1765,1355,1485,2021,1873
1634,941,1582,1765,1216,1808,1514,1530,1590,1225,1205,1687,1427,1534,1760,1376,1642,1615,1776,1765,1639,849,1664,1937,1327,1442,1455,1347,1625,1559,1899,1712
1407,1714,1693,1624,898,1585,1654,1503,1558,1555,1441,1561,1611,1348,1520,1559,1473,1676,1574,1602,1619,1304,1631,1535,1830,1797,1173,1525,1548,1566,1304,2239
1544,1374,1589,1453,1345,1482,1693,1792,1631,960,1489,1904,1638,1773,1148,1600,1785,1742,1829,1159,1488,1327,1758,1283,1330,1815,1342,1505,1656,1594,1162,1433
